{"_step":749,"train_loss":0.30869829654693604,"l1_loss":0.20133207738399506,"ssim_loss":0.9171066880226135,"_timestamp":1.75439549061195e+09,"examples":{"width":128,"height":128,"format":"png","count":3,"filenames":["media/images/examples_749_0dd8adb2978a61759820.png","media/images/examples_749_0e21f31d74bed519d1eb.png","media/images/examples_749_290ab798b86d82e49326.png"],"captions":["Input","Generated Output","Ground Truth"],"_type":"images/separated"},"_wandb":{"runtime":102},"_runtime":102}