{"_step":799,"examples":{"filenames":["media/images/examples_798_0dd8adb2978a61759820.png","media/images/examples_798_03ed6e9655beb4f1da63.png","media/images/examples_798_290ab798b86d82e49326.png"],"captions":["Input","Generated Output","Ground Truth"],"_type":"images/separated","width":128,"height":128,"format":"png","count":3},"val_loss":0.13035216629505159,"learning_rate":0.001,"_wandb":{"runtime":102},"_runtime":102,"train_loss":0.1407330334186554,"_timestamp":1.7543900167483413e+09}