{"_step":799,"examples":{"format":"png","count":3,"filenames":["media/images/examples_798_0dd8adb2978a61759820.png","media/images/examples_798_f990e5e0a194f91c682b.png","media/images/examples_798_290ab798b86d82e49326.png"],"captions":["Input","Generated Output","Ground Truth"],"_type":"images/separated","width":128,"height":128},"val_loss":0.10516467094421386,"_wandb":{"runtime":82},"_runtime":82,"train_loss":0.027831323444843292,"_timestamp":1.7543714106555166e+09}